Month,Difference from average
Jan,-3.7333333333333334
Feb,-3.9333333333333336
Mar,-1.5333333333333332
Apr,2.666666666666666
May,4.866666666666667
Jun,3.0666666666666664
Jul,1.0666666666666664
Aug,9.266666666666666
Sep,0.4666666666666668
Oct,-0.7333333333333334
Nov,4.466666666666667
Dec,0.8666666666666663
